Quote ID,Quote Name,Quote Status,Quote Expiration Date,Net Price,Booked Value,Sales Order,Quote Created By,VAR ID,Contract Expiring Quarter,End Customer,End Customer Country,Reseller,Reseller Country,Distributor
6484193	,SRB Created Quote_MYJ,APPROVED,27-Jul-2018,$ 17445.06,$ 0.00,,DAVID WOOD,1378-1178,MYJUNIPER,OSU - 0101406115,United States,"CENTRACOMM COMMUNICATIONS, LTD - 0100413718",United States,INGRAM MICRO INC - 0100505859
2952018342	,Automation testing01,OPEN,28-Jul-2018,$ 402.03,$ 100.00,,DAVID WOOD,9611-6298,MYJUNIPER,INGRAM MICRO INC - 0100505859,United States,INGRAM MICRO INC - 0100505859,United States,INGRAM MICRO INC - 0100505859
2952018440	,Automation testing01,APPROVED,28-Jul-2018,$ 402.03,$ 100.00,,DAVID WOOD,9611-6298,MYJUNIPER,INGRAM MICRO INC - 0100505859,United States,INGRAM MICRO INC - 0100505859,United States,INGRAM MICRO INC - 0100505859
2952018846	,Automation testing01,APPROVED,28-Jul-2018,$ 402.03,$ 100.00,,DAVID WOOD,9611-6298,MYJUNIPER,INGRAM MICRO INC - 0100505859,United States,INGRAM MICRO INC - 0100505859,United States,INGRAM MICRO INC - 0100505859
6484237	,SRB Created Quote_copied from MYJ,OPEN,29-Jul-2018,$ 14190.48,$ 0.00,,DAVID WOOD,2957-7102,MYJUNIPER,VERACITY NETWORKS - 0100017286,United States,RED SKY SOLUTIONS L.C. - 0100170219,United States,INGRAM MICRO INC - 0100505859
6484218	,SRB Created Quote_Approved quote,APPROVED,29-Jul-2018,$ 13787.05,$ 0.00,,DAVID WOOD,1378-1178,MYJUNIPER,OSU - 0101406115,United States,"CENTRACOMM COMMUNICATIONS, LTD - 0100413718",United States,INGRAM MICRO INC - 0100505859
6484209	,SRB Created Quote_email_notification_MyJ,OPEN,29-Jul-2018,$ 4730.16,$ 0.00,,DAVID WOOD,2957-7102,MYJUNIPER,VERACITY NETWORKS - 0100017286,United States,RED SKY SOLUTIONS L.C. - 0100170219,United States,INGRAM MICRO INC - 0100505859
6484224	,Quote: R20180523-0142 (2 items),APPROVED,29-Jul-2018,$ 6491.12,$ 0.00,,DAVID WOOD,2957-7102,MYJUNIPER,VERACITY NETWORKS - 0100017286,United States,RED SKY SOLUTIONS L.C. - 0100170219,United States,INGRAM MICRO INC - 0100505859
6484228	,Quote: R20180509-0139 (30 items),OPEN,30-Jul-2018,$ 23337.16,$ 0.00,,DAVID WOOD,1378-1178,MYJUNIPER,OSU - 0101406115,United States,"CENTRACOMM COMMUNICATIONS, LTD - 0100413718",United States,INGRAM MICRO INC - 0100505859
6484229	,SRB Created Quote_MYJ_approved,APPROVED,30-Jul-2018,$ 11938.03,$ 0.00,,DAVID WOOD,1378-1178,MYJUNIPER,OSU - 0101406115,United States,"CENTRACOMM COMMUNICATIONS, LTD - 0100413718",United States,INGRAM MICRO INC - 0100505859
6484239	,SRB Created Quote_MYJ_approved,OPEN,30-Jul-2018,$ 24208.92,$ 0.00,,DAVID WOOD,1378-1178,MYJUNIPER,OSU - 0101406115,United States,"CENTRACOMM COMMUNICATIONS, LTD - 0100413718",United States,INGRAM MICRO INC - 0100505859
6484244	,Test MYJ-5513.IV,OPEN,31-Jul-2018,$ 11938.03,$ 0.00,,DAVID WOOD,1378-1178,MYJUNIPER,OSU - 0101406115,United States,"CENTRACOMM COMMUNICATIONS, LTD - 0100413718",United States,INGRAM MICRO INC - 0100505859
162018	,Automation testing01,OPEN,01-Aug-2018,$ 402.03,$ 100.00,,DAVID WOOD,9611-6298,MYJUNIPER,INGRAM MICRO INC - 0100505859,United States,INGRAM MICRO INC - 0100505859,United States,INGRAM MICRO INC - 0100505859
6484265	,SRB Created Quote Edit 6484265 NSL,APPROVED,01-Aug-2018,$ 249.50,$ 0.00,,DAVID WOOD,8921-2098,MYJUNIPER,,,"SYSCOM USA, INC - 0100131379",United States,INGRAM MICRO INC - 0100505859
6484266	,SRB Created Quote,APPROVED,01-Aug-2018,$ 985.02,$ 0.00,,DAVID WOOD,8123-9182,MYJUNIPER,,,"OUTSOURCE SOLUTIONS GROUP, INC. - 0100061457",United States,INGRAM MICRO INC - 0100507643
6484246	,Test - FRN,APPROVED,02-Aug-2018,$ 15973.80,$ 0.00,,DAVID WOOD,8371-6492,MYJUNIPER, - 0100764730,United States,"STARNET DATA DESIGN, INC - 0100127303",United States,INGRAM MICRO INC - 0100505859
6484270	,QuoteName,OPEN,04-Aug-2018,$ 4730.16,$ 0.00,,DAVID WOOD,2957-7102,MYJUNIPER,VERACITY NETWORKS - 0100017286,United States,RED SKY SOLUTIONS L.C. - 0100170219,United States,INGRAM MICRO INC - 0100505859
6484288	,SRB Created Quote,OPEN,04-Aug-2018,$ 5429.25,$ 0.00,,DAVID WOOD,3938-5292,MYJUNIPER,LIFE'S WORC - 0100019403,United States,VANDIS INC. - 0101004448,United States,INGRAM MICRO INC - 0100507643
6484250	,SS-05690-AI-1D-6441919,OPEN,05-Aug-2018,$ 280.57,$ 0.00,,DAVID WOOD,3471-6964,MYJUNIPER,"ZACKS INVESTMENT RESEARCH, INC - 0101205394",United States,"MYRIAD SUPPLY COMPANY, LLC - 0100128563",United States,INGRAM MICRO INC - 0100505859
6484316	,SS-05690-AI-1D-6441919,OPEN,06-Aug-2018,$ 245.28,$ 0.00,,DAVID WOOD,3471-6964,MYJUNIPER,"ZACKS INVESTMENT RESEARCH, INC - 0101205394",United States,"MYRIAD SUPPLY COMPANY, LLC - 0100128563",United States,INGRAM MICRO INC - 0100505859
6484317	,SS-05690-AI-1D-6441919,OPEN,06-Aug-2018,$ 245.28,$ 0.00,,DAVID WOOD,3471-6964,MYJUNIPER,"ZACKS INVESTMENT RESEARCH, INC - 0101205394",United States,"MYRIAD SUPPLY COMPANY, LLC - 0100128563",United States,INGRAM MICRO INC - 0100505859
6484318	,SS-05690-AI-1D-6441919,OPEN,06-Aug-2018,$ 245.28,$ 0.00,,DAVID WOOD,3471-6964,MYJUNIPER,"ZACKS INVESTMENT RESEARCH, INC - 0101205394",United States,"MYRIAD SUPPLY COMPANY, LLC - 0100128563",United States,INGRAM MICRO INC - 0100505859
6484321	,Test - FRN,OPEN,06-Aug-2018,$ 15973.80,$ 0.00,,DAVID WOOD,8371-6492,MYJUNIPER, - 0100764730,United States,"STARNET DATA DESIGN, INC - 0100127303",United States,INGRAM MICRO INC - 0100505859
6484322	,SRB Created Quote Test Copy,OPEN,06-Aug-2018,$ 3888.36,$ 0.00,,DAVID WOOD,7159-8890,MYJUNIPER,PETZ ENTERPRISES - 0100002733,United States,INTERVISION SYSTEMS TECH INC - 0101004173,United States,INGRAM MICRO INC - 0100505859
6484323	,SS-05690-AI-1D-6441919,OPEN,06-Aug-2018,$ 245.28,$ 0.00,,DAVID WOOD,3471-6964,MYJUNIPER,"ZACKS INVESTMENT RESEARCH, INC - 0101205394",United States,"MYRIAD SUPPLY COMPANY, LLC - 0100128563",United States,INGRAM MICRO INC - 0100505859
6484324	,SS-05690-AI-1D-6441919,OPEN,06-Aug-2018,$ 245.28,$ 0.00,,DAVID WOOD,3471-6964,MYJUNIPER,"ZACKS INVESTMENT RESEARCH, INC - 0101205394",United States,"MYRIAD SUPPLY COMPANY, LLC - 0100128563",United States,INGRAM MICRO INC - 0100505859
6484325	,SS-05690-AI-1D-6441919,OPEN,06-Aug-2018,$ 371.70,$ 0.00,,DAVID WOOD,3471-6964,MYJUNIPER,"ZACKS INVESTMENT RESEARCH, INC - 0101205394",United States,"MYRIAD SUPPLY COMPANY, LLC - 0100128563",United States,INGRAM MICRO INC - 0100505859
6484326	,SS-05690-AI-1D-6441919,OPEN,06-Aug-2018,$ 216.15,$ 0.00,,DAVID WOOD,3471-6964,MYJUNIPER,"ZACKS INVESTMENT RESEARCH, INC - 0101205394",United States,"MYRIAD SUPPLY COMPANY, LLC - 0100128563",United States,INGRAM MICRO INC - 0100505859
6484327	,SS-05690-AI-1D-6441919,OPEN,06-Aug-2018,$ 110.76,$ 0.00,,DAVID WOOD,3471-6964,MYJUNIPER,"ZACKS INVESTMENT RESEARCH, INC - 0101205394",United States,"MYRIAD SUPPLY COMPANY, LLC - 0100128563",United States,INGRAM MICRO INC - 0100505859
6484331	,SS-05690-AI-1D-6441919,APPROVED,06-Aug-2018,$ 245.28,$ 0.00,,DAVID WOOD,3471-6964,MYJUNIPER,"ZACKS INVESTMENT RESEARCH, INC - 0101205394",United States,"MYRIAD SUPPLY COMPANY, LLC - 0100128563",United States,INGRAM MICRO INC - 0100505859
6484332	,SS-05690-AI-1D-6441919,APPROVED,06-Aug-2018,$ 245.28,$ 0.00,,DAVID WOOD,3471-6964,MYJUNIPER,"ZACKS INVESTMENT RESEARCH, INC - 0101205394",United States,"MYRIAD SUPPLY COMPANY, LLC - 0100128563",United States,INGRAM MICRO INC - 0100505859
6484294	,SRB Created Quote,OPEN,06-Aug-2018,$ 1524.60,$ 0.00,,DAVID WOOD,,MYJUNIPER,WORKDAY - 0100255082,Ireland,INGRAM MICRO - 0100505942,Canada,INGRAM MICRO INC. - 0100082864
6484333	,SS-05690-AI-1D-6441919,OPEN,06-Aug-2018,$ 245.28,$ 0.00,,DAVID WOOD,3471-6964,MYJUNIPER,"ZACKS INVESTMENT RESEARCH, INC - 0101205394",United States,"MYRIAD SUPPLY COMPANY, LLC - 0100128563",United States,INGRAM MICRO INC - 0100505859
6484230	,Test - Chetan,OPEN,06-Aug-2018,$ 15973.80,$ 0.00,,DAVID WOOD,8371-6492,MYJUNIPER, - 0100764730,United States,"STARNET DATA DESIGN, INC - 0100127303",United States,INGRAM MICRO INC - 0100505859
6484334	,SS-05690-AI-1D-6441919,OPEN,06-Aug-2018,$ 245.28,$ 0.00,,DAVID WOOD,3471-6964,MYJUNIPER,"ZACKS INVESTMENT RESEARCH, INC - 0101205394",United States,"MYRIAD SUPPLY COMPANY, LLC - 0100128563",United States,INGRAM MICRO INC - 0100505859
6484295	,SS-05690-AI-1D-6441919,OPEN,06-Aug-2018,$ 110.76,$ 0.00,,DAVID WOOD,3471-6964,MYJUNIPER,"ZACKS INVESTMENT RESEARCH, INC - 0101205394",United States,"MYRIAD SUPPLY COMPANY, LLC - 0100128563",United States,INGRAM MICRO INC - 0100505859
6484335	,SS-05690-AI-1D-6441919,OPEN,06-Aug-2018,$ 134.52,$ 0.00,,DAVID WOOD,3471-6964,MYJUNIPER,"ZACKS INVESTMENT RESEARCH, INC - 0101205394",United States,"MYRIAD SUPPLY COMPANY, LLC - 0100128563",United States,INGRAM MICRO INC - 0100505859
6484293	,SS-05690-AI-1D-6441919,OPEN,06-Aug-2018,$ 360.97,$ 0.00,,DAVID WOOD,3471-6964,MYJUNIPER,"ZACKS INVESTMENT RESEARCH, INC - 0101205394",United States,"MYRIAD SUPPLY COMPANY, LLC - 0100128563",United States,INGRAM MICRO INC - 0100505859
6484305	,Test - FRN,APPROVED,06-Aug-2018,$ 15973.80,$ 0.00,,DAVID WOOD,8371-6492,MYJUNIPER, - 0100764730,United States,"STARNET DATA DESIGN, INC - 0100127303",United States,INGRAM MICRO INC - 0100505859
6484308	,SS-05690-AI-1D-6441919,OPEN,06-Aug-2018,$ 130.76,$ 0.00,,DAVID WOOD,3471-6964,MYJUNIPER,"ZACKS INVESTMENT RESEARCH, INC - 0101205394",United States,"MYRIAD SUPPLY COMPANY, LLC - 0100128563",United States,INGRAM MICRO INC - 0100505859
6484306	,Test - FRN,APPROVED,06-Aug-2018,$ 15973.80,$ 0.00,,DAVID WOOD,8371-6492,MYJUNIPER, - 0100764730,United States,"STARNET DATA DESIGN, INC - 0100127303",United States,INGRAM MICRO INC - 0100505859
6484309	,SS-05690-AI-1D-6441919,APPROVED,06-Aug-2018,$ 245.28,$ 0.00,,DAVID WOOD,3471-6964,MYJUNIPER,"ZACKS INVESTMENT RESEARCH, INC - 0101205394",United States,"MYRIAD SUPPLY COMPANY, LLC - 0100128563",United States,INGRAM MICRO INC - 0100505859
6484310	,SS-05690-AI-1D-6441919,OPEN,06-Aug-2018,$ 221.82,$ 0.00,,DAVID WOOD,3471-6964,MYJUNIPER,"ZACKS INVESTMENT RESEARCH, INC - 0101205394",United States,"MYRIAD SUPPLY COMPANY, LLC - 0100128563",United States,INGRAM MICRO INC - 0100505859
6484314	,SS-05690-AI-1D-6441919 TEST TH Edit,OPEN,06-Aug-2018,$ 134.52,$ 0.00,,DAVID WOOD,3471-6964,MYJUNIPER,"ZACKS INVESTMENT RESEARCH, INC - 0101205394",United States,"MYRIAD SUPPLY COMPANY, LLC - 0100128563",United States,INGRAM MICRO INC - 0100505859
6484313	,SRB Created Quote TEST Edit 6484313,OPEN,06-Aug-2018,$ 5573.74,$ 0.00,,DAVID WOOD,7159-8890,MYJUNIPER,PETZ ENTERPRISES - 0100002733,United States,INTERVISION SYSTEMS TECH INC - 0101004173,United States,INGRAM MICRO INC - 0100505859
6484315	,SS-05690-AI-1D-6441919,OPEN,06-Aug-2018,$ 245.28,$ 0.00,,DAVID WOOD,3471-6964,MYJUNIPER,"ZACKS INVESTMENT RESEARCH, INC - 0101205394",United States,"MYRIAD SUPPLY COMPANY, LLC - 0100128563",United States,INGRAM MICRO INC - 0100505859
6484352	,Test - FRN,OPEN,07-Aug-2018,$ 15973.80,$ 0.00,,DAVID WOOD,8371-6492,MYJUNIPER, - 0100764730,United States,"STARNET DATA DESIGN, INC - 0100127303",United States,INGRAM MICRO INC - 0100505859
6484351	,TB_SS_Test_3,OPEN,07-Aug-2018,$ 401.19,$ 0.00,,DAVID WOOD,1378-1178,MYJUNIPER,,,"CENTRACOMM COMMUNICATIONS, LTD - 0100413718",United States,INGRAM MICRO INC - 0100507643
6484371	,Quote: R20180525-0052 (53 items),APPROVED,07-Aug-2018,$ 15973.80,$ 0.00,,DAVID WOOD,8371-6492,MYJUNIPER, - 0100764730,United States,"STARNET DATA DESIGN, INC - 0100127303",United States,INGRAM MICRO INC - 0100505859
6484353	,Test - FRN,OPEN,07-Aug-2018,$ 15973.80,$ 0.00,,DAVID WOOD,8371-6492,MYJUNIPER, - 0100764730,United States,"STARNET DATA DESIGN, INC - 0100127303",United States,INGRAM MICRO INC - 0100505859
6484354	,SS-05690-AI-1D-6441919,OPEN,07-Aug-2018,$ 245.60,$ 0.00,,DAVID WOOD,3471-6964,MYJUNIPER,"ZACKS INVESTMENT RESEARCH, INC - 0101205394",United States,"MYRIAD SUPPLY COMPANY, LLC - 0100128563",United States,INGRAM MICRO INC - 0100505859
6484355	,SS-05690-AI-1D-6441919,APPROVED,07-Aug-2018,$ 245.60,$ 0.00,,DAVID WOOD,3471-6964,MYJUNIPER,"ZACKS INVESTMENT RESEARCH, INC - 0101205394",United States,"MYRIAD SUPPLY COMPANY, LLC - 0100128563",United States,INGRAM MICRO INC - 0100505859
6484356	,SS-05690-AI-1D-6441919,OPEN,07-Aug-2018,$ 245.28,$ 0.00,,DAVID WOOD,3471-6964,MYJUNIPER,"ZACKS INVESTMENT RESEARCH, INC - 0101205394",United States,"MYRIAD SUPPLY COMPANY, LLC - 0100128563",United States,INGRAM MICRO INC - 0100505859
6484357	,SS-05690-AI-1D-6441919,OPEN,07-Aug-2018,$ 245.60,$ 0.00,,DAVID WOOD,3471-6964,MYJUNIPER,"ZACKS INVESTMENT RESEARCH, INC - 0101205394",United States,"MYRIAD SUPPLY COMPANY, LLC - 0100128563",United States,INGRAM MICRO INC - 0100505859
6484358	,Test - FRN,OPEN,07-Aug-2018,$ 15973.80,$ 0.00,,DAVID WOOD,8371-6492,MYJUNIPER, - 0100764730,United States,"STARNET DATA DESIGN, INC - 0100127303",United States,INGRAM MICRO INC - 0100505859
6484364	,Test quote output - Ankit,APPROVED,07-Aug-2018,$ 6389.09,$ 0.00,,DAVID WOOD,3678-7354,MYJUNIPER,,,"OPTIV SECURITY, INC - 0101250040",United States,INGRAM MICRO INC - 0100505859
6484372	,Test - FRN,OPEN,07-Aug-2018,$ 16465.06,$ 0.00,,DAVID WOOD,8371-6492,MYJUNIPER, - 0100764730,United States,"STARNET DATA DESIGN, INC - 0100127303",United States,INGRAM MICRO INC - 0100505859
6484373	,SRB Created Quote,OPEN,07-Aug-2018,$ 4667.02,$ 0.00,,DAVID WOOD,,MYJUNIPER,WORKDAY - 0100255082,Ireland,INGRAM MICRO - 0100505942,Canada,INGRAM MICRO INC. - 0100082864
6484359	,SS-05690-AI-1D-6441919,OPEN,07-Aug-2018,$ 245.28,$ 0.00,,DAVID WOOD,3471-6964,MYJUNIPER,"ZACKS INVESTMENT RESEARCH, INC - 0101205394",United States,"MYRIAD SUPPLY COMPANY, LLC - 0100128563",United States,INGRAM MICRO INC - 0100505859
6484298	,SS-05690-AI-1D-6441919,OPEN,07-Aug-2018,$ 245.28,$ 0.00,,DAVID WOOD,3471-6964,MYJUNIPER,"ZACKS INVESTMENT RESEARCH, INC - 0101205394",United States,"MYRIAD SUPPLY COMPANY, LLC - 0100128563",United States,INGRAM MICRO INC - 0100505859
6484328	,Test - FRN,OPEN,07-Aug-2018,$ 15973.80,$ 0.00,,DAVID WOOD,8371-6492,MYJUNIPER, - 0100764730,United States,"STARNET DATA DESIGN, INC - 0100127303",United States,INGRAM MICRO INC - 0100505859
6484319	,SS-05690-AI-1D-6441919,OPEN,07-Aug-2018,$ 245.60,$ 0.00,,DAVID WOOD,3471-6964,MYJUNIPER,"ZACKS INVESTMENT RESEARCH, INC - 0101205394",United States,"MYRIAD SUPPLY COMPANY, LLC - 0100128563",United States,INGRAM MICRO INC - 0100505859
6484336	,Test - FRN,OPEN,07-Aug-2018,$ 15973.80,$ 0.00,,DAVID WOOD,8371-6492,MYJUNIPER, - 0100764730,United States,"STARNET DATA DESIGN, INC - 0100127303",United States,INGRAM MICRO INC - 0100505859
6484337	,Test - FRN,OPEN,07-Aug-2018,$ 15973.80,$ 0.00,,DAVID WOOD,8371-6492,MYJUNIPER, - 0100764730,United States,"STARNET DATA DESIGN, INC - 0100127303",United States,INGRAM MICRO INC - 0100505859
6484338	,Quote: R20180509-0100 (1 items),OPEN,07-Aug-2018,$ 4730.16,$ 0.00,,DAVID WOOD,2957-7102,MYJUNIPER,VERACITY NETWORKS - 0100017286,United States,RED SKY SOLUTIONS L.C. - 0100170219,United States,INGRAM MICRO INC - 0100505859
6484339	,Test - FRN,OPEN,07-Aug-2018,$ 15973.80,$ 0.00,,DAVID WOOD,8371-6492,MYJUNIPER, - 0100764730,United States,"STARNET DATA DESIGN, INC - 0100127303",United States,INGRAM MICRO INC - 0100505859
6484340	,SS-05690-AI-1D-6441919,OPEN,07-Aug-2018,$ 245.60,$ 0.00,,DAVID WOOD,3471-6964,MYJUNIPER,"ZACKS INVESTMENT RESEARCH, INC - 0101205394",United States,"MYRIAD SUPPLY COMPANY, LLC - 0100128563",United States,INGRAM MICRO INC - 0100505859
6484341	,SS-05690-AI-1D-6441919,OPEN,07-Aug-2018,$ 222.14,$ 0.00,,DAVID WOOD,3471-6964,MYJUNIPER,"ZACKS INVESTMENT RESEARCH, INC - 0101205394",United States,"MYRIAD SUPPLY COMPANY, LLC - 0100128563",United States,INGRAM MICRO INC - 0100505859
6484342	,QuoteName,APPROVED,07-Aug-2018,$ 4730.16,$ 0.00,,DAVID WOOD,2957-7102,MYJUNIPER,VERACITY NETWORKS - 0100017286,United States,RED SKY SOLUTIONS L.C. - 0100170219,United States,INGRAM MICRO INC - 0100505859
6484343	,Test - FRN,APPROVED,07-Aug-2018,$ 14973.88,$ 14973.88,15413799	,DAVID WOOD,8371-6492,MYJUNIPER, - 0100764730,United States,"STARNET DATA DESIGN, INC - 0100127303",United States,INGRAM MICRO INC - 0100505859
6484344	,Test - FRN,OPEN,07-Aug-2018,$ 15973.80,$ 0.00,,DAVID WOOD,8371-6492,MYJUNIPER, - 0100764730,United States,"STARNET DATA DESIGN, INC - 0100127303",United States,INGRAM MICRO INC - 0100505859
6484345	,SS-05690-AI-1D-6441919,APPROVED,07-Aug-2018,$ 245.60,$ 0.00,,DAVID WOOD,3471-6964,MYJUNIPER,"ZACKS INVESTMENT RESEARCH, INC - 0101205394",United States,"MYRIAD SUPPLY COMPANY, LLC - 0100128563",United States,INGRAM MICRO INC - 0100505859
6484346	,SS-05690-AI-1D-6441919,OPEN,07-Aug-2018,$ 245.60,$ 0.00,,DAVID WOOD,3471-6964,MYJUNIPER,"ZACKS INVESTMENT RESEARCH, INC - 0101205394",United States,"MYRIAD SUPPLY COMPANY, LLC - 0100128563",United States,INGRAM MICRO INC - 0100505859
6484347	,SRB Created Quote,OPEN,07-Aug-2018,$ 800.55,$ 0.00,,DAVID WOOD,2300-2672,MYJUNIPER,MITSUI BUSSAN LOGISTICS INC. - 0100054258,United States,"SUMISHO COMPUTER SYSTEMS, USA INC - 0100075950",United States,INGRAM MICRO INC - 0100507643
6484349	,SS-05690-AI-1D-6441919,OPEN,07-Aug-2018,$ 245.60,$ 0.00,,DAVID WOOD,3471-6964,MYJUNIPER,"ZACKS INVESTMENT RESEARCH, INC - 0101205394",United States,"MYRIAD SUPPLY COMPANY, LLC - 0100128563",United States,INGRAM MICRO INC - 0100505859
6484350	,SS-05690-AI-1D-6441919,OPEN,07-Aug-2018,$ 245.60,$ 0.00,,DAVID WOOD,3471-6964,MYJUNIPER,"ZACKS INVESTMENT RESEARCH, INC - 0101205394",United States,"MYRIAD SUPPLY COMPANY, LLC - 0100128563",United States,INGRAM MICRO INC - 0100505859
11520181131	,Testing live flow for MyJuniper,APPROVED,08-Aug-2018,$ 402.03,$ 0.00,,DAVID WOOD,9611-6298,MYJUNIPER, - 0100408381,United States,"TRANSCENDENT, LLC - 0100135147",United States,INGRAM MICRO INC - 0100507643
11520181238	,Testing live flow for MyJuniper,APPROVED,08-Aug-2018,$ 402.03,$ 0.00,,DAVID WOOD,9611-6298,MYJUNIPER, - 0100408381,United States,"TRANSCENDENT, LLC - 0100135147",United States,INGRAM MICRO INC - 0100507643
1152018122	,Testing live flow for MyJuniper,APPROVED,08-Aug-2018,$ 402.03,$ 0.00,,DAVID WOOD,9611-6298,MYJUNIPER, - 0100408381,United States,"TRANSCENDENT, LLC - 0100135147",United States,INGRAM MICRO INC - 0100507643
11520181239	,Testing live flow for MyJuniper,APPROVED,08-Aug-2018,$ 402.03,$ 0.00,,DAVID WOOD,9611-6298,MYJUNIPER, - 0100408381,United States,"TRANSCENDENT, LLC - 0100135147",United States,INGRAM MICRO INC - 0100507643
1152018126	,Testing live flow for MyJuniper,APPROVED,08-Aug-2018,$ 402.03,$ 0.00,,DAVID WOOD,9611-6298,MYJUNIPER, - 0100408381,United States,"TRANSCENDENT, LLC - 0100135147",United States,INGRAM MICRO INC - 0100507643
115201813	,Testing live flow for MyJuniper,APPROVED,08-Aug-2018,$ 402.03,$ 0.00,,DAVID WOOD,9611-6298,MYJUNIPER, - 0100408381,United States,"TRANSCENDENT, LLC - 0100135147",United States,INGRAM MICRO INC - 0100507643
135201815	,Testing live flow for MyJuniper,APPROVED,08-Aug-2018,$ 402.03,$ 0.00,,DAVID WOOD,9611-6298,MYJUNIPER, - 0100408381,United States,"TRANSCENDENT, LLC - 0100135147",United States,INGRAM MICRO INC - 0100507643
6484368	,Testing live flow for MyJuniper,OPEN,08-Aug-2018,$ 402.03,$ 0.00,,DAVID WOOD,9611-6298,MYJUNIPER, - 0100408381,United States,"TRANSCENDENT, LLC - 0100135147",United States,INGRAM MICRO INC - 0100507643
1152018131	,Testing live flow for MyJuniper,APPROVED,08-Aug-2018,$ 402.03,$ 0.00,,DAVID WOOD,9611-6298,MYJUNIPER, - 0100408381,United States,"TRANSCENDENT, LLC - 0100135147",United States,INGRAM MICRO INC - 0100507643
13520185	,Testing live flow for MyJuniper,APPROVED,08-Aug-2018,$ 402.03,$ 0.00,,DAVID WOOD,9611-6298,MYJUNIPER, - 0100408381,United States,"TRANSCENDENT, LLC - 0100135147",United States,INGRAM MICRO INC - 0100507643
145201811	,Testing live flow for MyJuniper,APPROVED,08-Aug-2018,$ 402.03,$ 0.00,,DAVID WOOD,9611-6298,MYJUNIPER, - 0100408381,United States,"TRANSCENDENT, LLC - 0100135147",United States,INGRAM MICRO INC - 0100507643
13520186	,Testing live flow for MyJuniper,APPROVED,08-Aug-2018,$ 402.03,$ 0.00,,DAVID WOOD,9611-6298,MYJUNIPER, - 0100408381,United States,"TRANSCENDENT, LLC - 0100135147",United States,INGRAM MICRO INC - 0100507643
145201813	,Testing live flow for MyJuniper,APPROVED,08-Aug-2018,$ 402.03,$ 0.00,,DAVID WOOD,9611-6298,MYJUNIPER, - 0100408381,United States,"TRANSCENDENT, LLC - 0100135147",United States,INGRAM MICRO INC - 0100507643
14520185	,Testing live flow for MyJuniper,APPROVED,08-Aug-2018,$ 402.03,$ 0.00,,DAVID WOOD,9611-6298,MYJUNIPER, - 0100408381,United States,"TRANSCENDENT, LLC - 0100135147",United States,INGRAM MICRO INC - 0100507643
14520186	,Testing live flow for MyJuniper,APPROVED,08-Aug-2018,$ 402.03,$ 0.00,,DAVID WOOD,9611-6298,MYJUNIPER, - 0100408381,United States,"TRANSCENDENT, LLC - 0100135147",United States,INGRAM MICRO INC - 0100507643
155201815	,Testing live flow for MyJuniper,APPROVED,08-Aug-2018,$ 402.03,$ 0.00,,DAVID WOOD,9611-6298,MYJUNIPER, - 0100408381,United States,"TRANSCENDENT, LLC - 0100135147",United States,INGRAM MICRO INC - 0100507643
155201811	,Testing live flow for MyJuniper,APPROVED,08-Aug-2018,$ 402.03,$ 0.00,,DAVID WOOD,9611-6298,MYJUNIPER, - 0100408381,United States,"TRANSCENDENT, LLC - 0100135147",United States,INGRAM MICRO INC - 0100507643
165201811	,Testing live flow for MyJuniper,APPROVED,08-Aug-2018,$ 402.03,$ 0.00,,DAVID WOOD,9611-6298,MYJUNIPER, - 0100408381,United States,"TRANSCENDENT, LLC - 0100135147",United States,INGRAM MICRO INC - 0100507643
185201811	,Testing live flow for MyJuniper,APPROVED,08-Aug-2018,$ 402.03,$ 0.00,,DAVID WOOD,9611-6298,MYJUNIPER, - 0100408381,United States,"TRANSCENDENT, LLC - 0100135147",United States,INGRAM MICRO INC - 0100507643
11520181128	,Testing live flow for MyJuniper,APPROVED,08-Aug-2018,$ 402.03,$ 0.00,,DAVID WOOD,9611-6298,MYJUNIPER, - 0100408381,United States,"TRANSCENDENT, LLC - 0100135147",United States,INGRAM MICRO INC - 0100507643
18520184	,Testing live flow for MyJuniper,APPROVED,08-Aug-2018,$ 402.03,$ 0.00,,DAVID WOOD,9611-6298,MYJUNIPER, - 0100408381,United States,"TRANSCENDENT, LLC - 0100135147",United States,INGRAM MICRO INC - 0100507643
255201812	,Testing live flow for MyJuniper,APPROVED,08-Aug-2018,$ 402.03,$ 0.00,,DAVID WOOD,9611-6298,MYJUNIPER, - 0100408381,United States,"TRANSCENDENT, LLC - 0100135147",United States,INGRAM MICRO INC - 0100507643
6484360	,SRB Created Quote,OPEN,08-Aug-2018,$ 402.03,$ 0.00,,DAVID WOOD,9611-6298,MYJUNIPER, - 0100408381,United States,"TRANSCENDENT, LLC - 0100135147",United States,INGRAM MICRO INC - 0100507643
6484299	,FRN SSRN Test 5-10-18,OPEN,08-Aug-2018,$ 2341.90,$ 0.00,,DAVID WOOD,2907-2220,MYJUNIPER,NC INTERACTIVE INC - 0100325449,United States,"COMPUTEX, INC. - 0100170656",United States,INGRAM MICRO INC - 0100505859
6484365	,Test - FRN,OPEN,08-Aug-2018,$ 15973.80,$ 0.00,,DAVID WOOD,8371-6492,MYJUNIPER, - 0100764730,United States,"STARNET DATA DESIGN, INC - 0100127303",United States,INGRAM MICRO INC - 0100505859
6484367	,SRB Created Quote,OPEN,08-Aug-2018,$ 2706.98,$ 0.00,,DAVID WOOD,3938-5292,MYJUNIPER,LIFE'S WORC - 0100019403,United States,VANDIS INC. - 0101004448,United States,INGRAM MICRO INC - 0100507643
6484374	,SRB Created Quote,OPEN,08-Aug-2018,$ 410.07,$ 0.00,,DAVID WOOD,9611-6298,MYJUNIPER, - 0100408381,United States,"TRANSCENDENT, LLC - 0100135147",United States,INGRAM MICRO INC - 0100507643
175201813	,Testing live flow for MyJuniper,APPROVED,08-Aug-2018,$ 402.03,$ 0.00,,DAVID WOOD,9611-6298,MYJUNIPER, - 0100408381,United States,"TRANSCENDENT, LLC - 0100135147",United States,INGRAM MICRO INC - 0100507643
6484379	,SRB Created Quote,APPROVED,08-Aug-2018,$ 402.03,$ 0.00,,DAVID WOOD,9611-6298,MYJUNIPER, - 0100408381,United States,"TRANSCENDENT, LLC - 0100135147",United States,INGRAM MICRO INC - 0100507643
6484381	,SRB Created Quote,OPEN,08-Aug-2018,$ 2341.90,$ 0.00,,DAVID WOOD,2907-2220,MYJUNIPER,NC INTERACTIVE INC - 0100325449,United States,"COMPUTEX, INC. - 0100170656",United States,INGRAM MICRO INC - 0100505859
11520181126	,Testing live flow for MyJuniper,APPROVED,08-Aug-2018,$ 402.03,$ 0.00,,DAVID WOOD,9611-6298,MYJUNIPER, - 0100408381,United States,"TRANSCENDENT, LLC - 0100135147",United States,INGRAM MICRO INC - 0100507643
6484382	,SRB Created Quote,OPEN,08-Aug-2018,$ 495.08,$ 0.00,,DAVID WOOD,9611-6298,MYJUNIPER, - 0100408381,United States,"TRANSCENDENT, LLC - 0100135147",United States,INGRAM MICRO INC - 0100507643
6484392	,SS-05690-AI-1D-6441919,APPROVED,08-Aug-2018,$ 245.28,$ 0.00,,DAVID WOOD,3471-6964,MYJUNIPER,"ZACKS INVESTMENT RESEARCH, INC - 0101205394",United States,"MYRIAD SUPPLY COMPANY, LLC - 0100128563",United States,INGRAM MICRO INC - 0100505859
6484391	,Test - CHETAN,APPROVED,08-Aug-2018,$ 15973.80,$ 0.00,,DAVID WOOD,8371-6492,MYJUNIPER, - 0100764730,United States,"STARNET DATA DESIGN, INC - 0100127303",United States,INGRAM MICRO INC - 0100505859
6484390	,Copy approved created by me,APPROVED,09-Aug-2018,$ 15973.80,$ 0.00,,DAVID WOOD,8371-6492,MYJUNIPER, - 0100764730,United States,"STARNET DATA DESIGN, INC - 0100127303",United States,INGRAM MICRO INC - 0100505859
6484401	,Pulak,APPROVED,09-Aug-2018,$ 402.03,$ 0.00,,DAVID WOOD,9611-6298,MYJUNIPER, - 0100408381,United States,"TRANSCENDENT, LLC - 0100135147",United States,INGRAM MICRO INC - 0100507643
6484402	,SRB Created Quote,OPEN,09-Aug-2018,$ 402.03,$ 0.00,,DAVID WOOD,9611-6298,MYJUNIPER, - 0100408381,United States,"TRANSCENDENT, LLC - 0100135147",United States,INGRAM MICRO INC - 0100507643
6484403	,SRB Created Quote,APPROVED,09-Aug-2018,$ 402.03,$ 0.00,,DAVID WOOD,9611-6298,MYJUNIPER, - 0100408381,United States,"TRANSCENDENT, LLC - 0100135147",United States,INGRAM MICRO INC - 0100507643
6484389	,Copy Open Quote,OPEN,09-Aug-2018,$ 0.00,$ 0.00,,DAVID WOOD,0390-9733,MYJUNIPER,,,INTEGRATION PARTNERS CORPORATIONS - 0101004172,United States,INGRAM MICRO INC - 0100505859
6484369	,SRB Created Quote,APPROVED,09-Aug-2018,$ 402.03,$ 0.00,,DAVID WOOD,9611-6298,MYJUNIPER, - 0100408381,United States,"TRANSCENDENT, LLC - 0100135147",United States,INGRAM MICRO INC - 0100507643
6484414	,SRB Created Quote,OPEN,10-Aug-2018,$ 435.26,$ 0.00,,DAVID WOOD,,MYJUNIPER,WORKDAY - 0100255082,Ireland,INGRAM MICRO - 0100505942,Canada,INGRAM MICRO INC. - 0100082864
6484404	,w_1,OPEN,10-Aug-2018,$ 4791.54,$ 0.00,,DAVID WOOD,7159-8890,MYJUNIPER,PETZ ENTERPRISES - 0100002733,United States,INTERVISION SYSTEMS TECH INC - 0101004173,United States,INGRAM MICRO INC - 0100505859
6484400	,SRB Created Quote,OPEN,10-Aug-2018,$ 3975.16,$ 0.00,,DAVID WOOD,7159-8890,MYJUNIPER,PETZ ENTERPRISES - 0100002733,United States,INTERVISION SYSTEMS TECH INC - 0101004173,United States,INGRAM MICRO INC - 0100505859
6484412	,copy_FSD_4.,OPEN,10-Aug-2018,$ 5300.10,$ 0.00,,DAVID WOOD,7159-8890,MYJUNIPER,PETZ ENTERPRISES - 0100002733,United States,INTERVISION SYSTEMS TECH INC - 0101004173,United States,INGRAM MICRO INC - 0100505859
6484422	,SRB Created Quote,OPEN,10-Aug-2018,$ 244.57,$ 0.00,,DAVID WOOD,,MYJUNIPER,WORKDAY - 0100255082,Ireland,INGRAM MICRO - 0100505942,Canada,INGRAM MICRO INC. - 0100082864
6484431	,SRB Created Quote,OPEN,10-Aug-2018,$ 3975.16,$ 0.00,,DAVID WOOD,7159-8890,MYJUNIPER,PETZ ENTERPRISES - 0100002733,United States,INTERVISION SYSTEMS TECH INC - 0101004173,United States,INGRAM MICRO INC - 0100505859
6484405	,SS-05690-AI-1D-6441919,OPEN,10-Aug-2018,$ 245.28,$ 0.00,,DAVID WOOD,3471-6964,MYJUNIPER,"ZACKS INVESTMENT RESEARCH, INC - 0101205394",United States,"MYRIAD SUPPLY COMPANY, LLC - 0100128563",United States,INGRAM MICRO INC - 0100505859
6484398	,SRB Created Quote_email_notification_MyJ,OPEN,10-Aug-2018,$ 9460.32,$ 0.00,,DAVID WOOD,2957-7102,MYJUNIPER,VERACITY NETWORKS - 0100017286,United States,RED SKY SOLUTIONS L.C. - 0100170219,United States,INGRAM MICRO INC - 0100505859
6484426	,PulakBiswas,APPROVED,11-Aug-2018,$ 4667.02,$ 0.00,,DAVID WOOD,,MYJUNIPER,WORKDAY - 0100255082,Ireland,INGRAM MICRO - 0100505942,Canada,INGRAM MICRO INC. - 0100082864
6484423	,SRB Created Quote,OPEN,11-Aug-2018,$ 1759.35,$ 0.00,,DAVID WOOD,2957-7102,MYJUNIPER,VERACITY NETWORKS - 0100017286,United States,RED SKY SOLUTIONS L.C. - 0100170219,United States,INGRAM MICRO INC - 0100505859
6484425	,Partner Self Service Quote,OPEN,11-Aug-2018,$ 441.64,$ 0.00,,DAVID WOOD,4748-9079,MYJUNIPER,HERITAGE FELLOWSHIP CHURC - 0101396466,United States,"VIRTUAL GRAFFITI, INC. - 0100135594",United States,INGRAM MICRO INC - 0100505859
6484433	,Partner Self Service Quote,OPEN,11-Aug-2018,$ 441.64,$ 0.00,,DAVID WOOD,4748-9079,MYJUNIPER,HERITAGE FELLOWSHIP CHURC - 0101396466,United States,"VIRTUAL GRAFFITI, INC. - 0100135594",United States,INGRAM MICRO INC - 0100505859
6484434	,Partner Self Service Quote,OPEN,11-Aug-2018,$ 876.88,$ 0.00,,DAVID WOOD,4748-9079,MYJUNIPER,HERITAGE FELLOWSHIP CHURC - 0101396466,United States,"VIRTUAL GRAFFITI, INC. - 0100135594",United States,INGRAM MICRO INC - 0100505859
6484424	,Partner Self Service Quote,APPROVED,11-Aug-2018,$ 441.64,$ 0.00,,DAVID WOOD,4748-9079,MYJUNIPER,HERITAGE FELLOWSHIP CHURC - 0101396466,United States,"VIRTUAL GRAFFITI, INC. - 0100135594",United States,INGRAM MICRO INC - 0100505859
6484432	,Partner Self Service Quote,OPEN,11-Aug-2018,$ 435.24,$ 0.00,,DAVID WOOD,4748-9079,MYJUNIPER,HERITAGE FELLOWSHIP CHURC - 0101396466,United States,"VIRTUAL GRAFFITI, INC. - 0100135594",United States,INGRAM MICRO INC - 0100505859
6484407	,Partner Self Service Quote,OPEN,11-Aug-2018,$ 611.51,$ 0.00,,DAVID WOOD,4748-9079,MYJUNIPER,HERITAGE FELLOWSHIP CHURC - 0101396466,United States,"VIRTUAL GRAFFITI, INC. - 0100135594",United States,INGRAM MICRO INC - 0100505859
6484415	,Partner Self Service Quote,OPEN,11-Aug-2018,$ 876.88,$ 0.00,,DAVID WOOD,4748-9079,MYJUNIPER,HERITAGE FELLOWSHIP CHURC - 0101396466,United States,"VIRTUAL GRAFFITI, INC. - 0100135594",United States,INGRAM MICRO INC - 0100505859
6484408	,SRB Created Quote,OPEN,12-Aug-2018,$ 323.22,$ 0.00,,DAVID WOOD,2300-2672,MYJUNIPER,MITSUI BUSSAN LOGISTICS INC. - 0100054258,United States,"SUMISHO COMPUTER SYSTEMS, USA INC - 0100075950",United States,INGRAM MICRO INC - 0100507643
6484417	,v_live_myj,OPEN,12-Aug-2018,$ 189.27,$ 0.00,,DAVID WOOD,2300-2672,MYJUNIPER,MITSUI BUSSAN LOGISTICS INC. - 0100054258,United States,"SUMISHO COMPUTER SYSTEMS, USA INC - 0100075950",United States,INGRAM MICRO INC - 0100507643
6484427	,SRB Created Quote,APPROVED,12-Aug-2018,$ 6534.78,$ 0.00,,DAVID WOOD,,MYJUNIPER,WORKDAY - 0100255082,Ireland,INGRAM MICRO - 0100505942,Canada,INGRAM MICRO INC. - 0100082864
6484444	,SRB Created Quote,OPEN,12-Aug-2018,$ 1841.16,$ 0.00,,DAVID WOOD,8709-1937,MYJUNIPER,BUTTE COLLEGE - 0100244349,United States,TRIVAD INC. - 0100055279,United States,INGRAM MICRO INC - 0100507643
6484440	,Pulak_15th_May_2018,APPROVED,12-Aug-2018,$ 1131.51,$ 0.00,,DAVID WOOD,9907-3272,MYJUNIPER,Apple Inc. - 0101395168,United States,COMM-WORKS LLC - 0101375879,United States,INGRAM MICRO INC - 0100505859
6484448	,Pulak_15_th_May_2018_1,APPROVED,12-Aug-2018,$ 1175.28,$ 0.00,,DAVID WOOD,9907-3272,MYJUNIPER,Apple Inc. - 0101395168,United States,COMM-WORKS LLC - 0101375879,United States,INGRAM MICRO INC - 0100505859
6484441	,SRB Created Quote,APPROVED,12-Aug-2018,$ 7169.09,$ 0.00,,DAVID WOOD,3678-7354,MYJUNIPER,,,"OPTIV SECURITY, INC - 0101250040",United States,INGRAM MICRO INC - 0100505859
6484439	,SRB Created Quote_updated from MYJ,APPROVED,12-Aug-2018,$ 3518.70,$ 3518.70,15413866	,DAVID WOOD,2957-7102,MYJUNIPER,VERACITY NETWORKS - 0100017286,United States,RED SKY SOLUTIONS L.C. - 0100170219,United States,INGRAM MICRO INC - 0100505859
6484446	,SRB Created Quote_updated from MYJ,OPEN,12-Aug-2018,$ 9460.32,$ 0.00,,DAVID WOOD,2957-7102,MYJUNIPER,VERACITY NETWORKS - 0100017286,United States,RED SKY SOLUTIONS L.C. - 0100170219,United States,INGRAM MICRO INC - 0100505859
6484420	,Test - FRN,OPEN,12-Aug-2018,$ 15973.80,$ 0.00,,DAVID WOOD,8371-6492,MYJUNIPER, - 0100764730,United States,"STARNET DATA DESIGN, INC - 0100127303",United States,INGRAM MICRO INC - 0100505859
6484428	,SRB Created Quote_updated from MYJ,OPEN,12-Aug-2018,$ 11219.67,$ 0.00,,DAVID WOOD,2957-7102,MYJUNIPER,VERACITY NETWORKS - 0100017286,United States,RED SKY SOLUTIONS L.C. - 0100170219,United States,INGRAM MICRO INC - 0100505859
6484453	,SRB Created Quote,OPEN,12-Aug-2018,$ 2890.78,$ 0.00,,DAVID WOOD,14548	,MYJUNIPER,INGRAM MICRO INC - 0100505859,United States,INGRAM MICRO INC - 0100505859,United States,INGRAM MICRO INC - 0100505859
6484416	,PulakBiswas,APPROVED,12-Aug-2018,$ 189.27,$ 0.00,,DAVID WOOD,2300-2672,MYJUNIPER,MITSUI BUSSAN LOGISTICS INC. - 0100054258,United States,"SUMISHO COMPUTER SYSTEMS, USA INC - 0100075950",United States,INGRAM MICRO INC - 0100507643
6484438	,SRB Created Quote,OPEN,12-Aug-2018,$ 1114.67,$ 0.00,,DAVID WOOD,8709-1937,MYJUNIPER,BUTTE COLLEGE - 0100244349,United States,TRIVAD INC. - 0100055279,United States,INGRAM MICRO INC - 0100507643
6484409	,Pulak_14th_May_2018,OPEN,12-Aug-2018,$ 856.44,$ 0.00,,DAVID WOOD,9907-3272,MYJUNIPER,Apple Inc. - 0101395168,United States,COMM-WORKS LLC - 0101375879,United States,INGRAM MICRO INC - 0100505859
6484445	,SRB Created Quote TEST copy 6451861,OPEN,12-Aug-2018,$ 1495.44,$ 0.00,,DAVID WOOD,8421-1611,MYJUNIPER,IMMEDIATA - 0101401579,United States,"CDW LOGISTICS, INC. - 0100333051",United States,INGRAM MICRO INC - 0100505859
6484464	,SRB Created Quote,OPEN,13-Aug-2018,$ 998.42,$ 0.00,,DAVID WOOD,7159-8890,MYJUNIPER,PETZ ENTERPRISES - 0100002733,United States,INTERVISION SYSTEMS TECH INC - 0101004173,United States,INGRAM MICRO INC - 0100505859
6484476	,SRB Created Quote,OPEN,13-Aug-2018,$ 4662.82,$ 0.00,,DAVID WOOD,,MYJUNIPER,WORKDAY - 0100255082,Ireland,INGRAM MICRO - 0100505942,Canada,INGRAM MICRO INC. - 0100082864
6484493	,SS-05690-AI-1D-6441919,APPROVED,13-Aug-2018,$ 1877.60,$ 0.00,,DAVID WOOD,3471-6964,MYJUNIPER,"ZACKS INVESTMENT RESEARCH, INC - 0101205394",United States,"MYRIAD SUPPLY COMPANY, LLC - 0100128563",United States,INGRAM MICRO INC - 0100505859
6484486	,SRB Created Quote,APPROVED,13-Aug-2018,$ 7747.60,$ 0.00,,DAVID WOOD,6072-7041,MYJUNIPER,COMMONWEALTH CENTER FOR ADVANCED MF - 0100254847,United States,"SLAIT CONSULTING , LLC - 0100129408",United States,INGRAM MICRO INC - 0100507643
6484491	,SRB Created Quote,APPROVED,13-Aug-2018,$ 8003.77,$ 0.00,,DAVID WOOD,0815-8485,MYJUNIPER,CINERGY METRONET WAREHOUSE - 0100953887,United States,LIGHTRIVER TECHNOLOGIES - 0100173871,United States,INGRAM MICRO INC - 0100507643
6484468	,FRN 6463733 Copy Test,OPEN,13-Aug-2018,$ 2804.56,$ 0.00,,DAVID WOOD,8421-1611,MYJUNIPER,"Horizon Beverage Company, Inc. - 0101388847",United States,"CDW LOGISTICS, INC. - 0100333051",United States,INGRAM MICRO INC - 0100505859
6484475	,Test MYJ-5513.IV,OPEN,13-Aug-2018,$ 103.68,$ 0.00,,DAVID WOOD,1378-1178,MYJUNIPER,OSU - 0101406115,United States,"CENTRACOMM COMMUNICATIONS, LTD - 0100413718",United States,INGRAM MICRO INC - 0100505859
6484470	,SRB Created Quote,APPROVED,13-Aug-2018,$ 1520.54,$ 0.00,,DAVID WOOD,,MYJUNIPER,WORKDAY - 0100255082,Ireland,INGRAM MICRO - 0100505942,Canada,INGRAM MICRO INC. - 0100082864
6484482	,SRB Created Quote,OPEN,13-Aug-2018,$ 998.42,$ 0.00,,DAVID WOOD,7159-8890,MYJUNIPER,PETZ ENTERPRISES - 0100002733,United States,INTERVISION SYSTEMS TECH INC - 0101004173,United States,INGRAM MICRO INC - 0100505859
6484481	,SRB Created Quote,OPEN,13-Aug-2018,$ 5369.91,$ 0.00,,DAVID WOOD,7159-8890,MYJUNIPER,PETZ ENTERPRISES - 0100002733,United States,INTERVISION SYSTEMS TECH INC - 0101004173,United States,INGRAM MICRO INC - 0100505859
6484485	,Test MYJ-5513.IV,OPEN,13-Aug-2018,$ 103.68,$ 0.00,,DAVID WOOD,1378-1178,MYJUNIPER,OSU - 0101406115,United States,"CENTRACOMM COMMUNICATIONS, LTD - 0100413718",United States,INGRAM MICRO INC - 0100505859
6484474	,Itam-chatch-Horizon-SRX,OPEN,13-Aug-2018,$ 3017.02,$ 0.00,,DAVID WOOD,8421-1611,MYJUNIPER,"Horizon Beverage Company, Inc. - 0101388847",United States,"CDW LOGISTICS, INC. - 0100333051",United States,INGRAM MICRO INC - 0100505859
6484467	,Test - chetant1,APPROVED,13-Aug-2018,$ 15973.80,$ 0.00,,DAVID WOOD,8371-6492,MYJUNIPER, - 0100764730,United States,"STARNET DATA DESIGN, INC - 0100127303",United States,INGRAM MICRO INC - 0100505859
6484484	,SRB Created Quote,APPROVED,13-Aug-2018,$ 3518.70,$ 0.00,,DAVID WOOD,2957-7102,MYJUNIPER,VERACITY NETWORKS - 0100017286,United States,RED SKY SOLUTIONS L.C. - 0100170219,United States,INGRAM MICRO INC - 0100505859
6484469	,TB,APPROVED,13-Aug-2018,$ 10158.60,$ 0.00,,DAVID WOOD,8421-1611,MYJUNIPER,IMMEDIATA - 0101401579,United States,"CDW LOGISTICS, INC. - 0100333051",United States,INGRAM MICRO INC - 0100505859
6484514	,SRB Created Quote,APPROVED,14-Aug-2018,$ 5494.34,$ 0.00,,DAVID WOOD,3678-7354,MYJUNIPER,,,"OPTIV SECURITY, INC - 0101250040",United States,INGRAM MICRO INC - 0100505859
6484494	,SRB Created Quote,OPEN,14-Aug-2018,$ 323.22,$ 0.00,,DAVID WOOD,2300-2672,MYJUNIPER,MITSUI BUSSAN LOGISTICS INC. - 0100054258,United States,"SUMISHO COMPUTER SYSTEMS, USA INC - 0100075950",United States,INGRAM MICRO INC - 0100507643
6484490	,SRB Created Quote,OPEN,14-Aug-2018,$ 494.82,$ 0.00,,DAVID WOOD,2300-2672,MYJUNIPER,MITSUI BUSSAN LOGISTICS INC. - 0100054258,United States,"SUMISHO COMPUTER SYSTEMS, USA INC - 0100075950",United States,INGRAM MICRO INC - 0100507643
6484495	,FRN Custom SKU Test,APPROVED,14-Aug-2018,$ 196.52,$ 0.00,,DAVID WOOD,2300-2672,MYJUNIPER,MITSUI BUSSAN LOGISTICS INC. - 0100054258,United States,"SUMISHO COMPUTER SYSTEMS, USA INC - 0100075950",United States,INGRAM MICRO INC - 0100507643
6484496	,FRN Custom SKU Test,APPROVED,14-Aug-2018,$ 0.00,$ 0.00,,DAVID WOOD,2300-2672,MYJUNIPER,MITSUI BUSSAN LOGISTICS INC. - 0100054258,United States,"SUMISHO COMPUTER SYSTEMS, USA INC - 0100075950",United States,INGRAM MICRO INC - 0100507643
6484497	,FRN SKU Exclusion Test - GOVTAC,OPEN,14-Aug-2018,$ 196.52,$ 0.00,,DAVID WOOD,2300-2672,MYJUNIPER,MITSUI BUSSAN LOGISTICS INC. - 0100054258,United States,"SUMISHO COMPUTER SYSTEMS, USA INC - 0100075950",United States,INGRAM MICRO INC - 0100507643
6484502	,SRB Created Quote,APPROVED,14-Aug-2018,$ 7410.63,$ 0.00,,DAVID WOOD,3678-7354,MYJUNIPER,,,"OPTIV SECURITY, INC - 0101250040",United States,INGRAM MICRO INC - 0100505859
6484509	,SRB Created Quote,APPROVED,14-Aug-2018,$ 5054.83,$ 0.00,,DAVID WOOD,,MYJUNIPER,WORKDAY - 0100255082,Ireland,INGRAM MICRO - 0100505942,Canada,INGRAM MICRO INC. - 0100082864
6484516	,Deleting 20 & 30 Lines,APPROVED,14-Aug-2018,$ 63.35,$ 0.00,,DAVID WOOD,4748-9079,MYJUNIPER,HERITAGE FELLOWSHIP CHURC - 0101396466,United States,"VIRTUAL GRAFFITI, INC. - 0100135594",United States,INGRAM MICRO INC - 0100505859
6484521	,SS-05690-AI-1D-6441919,OPEN,14-Aug-2018,$ 242.21,$ 0.00,,DAVID WOOD,,MYJUNIPER,"ZACKS INVESTMENT RESEARCH, INC - 0101205394",United States,,,INGRAM MICRO INC - 0100505859
6484526	,SRB Created Quote,APPROVED,14-Aug-2018,$ 3630.70,$ 0.00,,DAVID WOOD,3938-5292,MYJUNIPER,LIFE'S WORC - 0100019403,United States,VANDIS INC. - 0101004448,United States,INGRAM MICRO INC - 0100507643
6484532	,SRB Created Quote,APPROVED,14-Aug-2018,$ 2035.26,$ 0.00,,DAVID WOOD,8709-1937,MYJUNIPER,BUTTE COLLEGE - 0100244349,United States,TRIVAD INC. - 0100055279,United States,INGRAM MICRO INC - 0100507643
6484515	,SRB Created Quote,APPROVED,14-Aug-2018,$ 18001.08,$ 0.00,,DAVID WOOD,3678-7354,MYJUNIPER,,,"OPTIV SECURITY, INC - 0101250040",United States,INGRAM MICRO INC - 0100505859
6484498	,FRN SKU Exclusion Test - GOVTAC,OPEN,14-Aug-2018,$ 0.00,$ 0.00,,DAVID WOOD,2300-2672,MYJUNIPER,MITSUI BUSSAN LOGISTICS INC. - 0100054258,United States,"SUMISHO COMPUTER SYSTEMS, USA INC - 0100075950",United States,INGRAM MICRO INC - 0100507643
6484503	,SRB Created Quote.,OPEN,14-Aug-2018,$ 2037.76,$ 0.00,,DAVID WOOD,8709-1937,MYJUNIPER,BUTTE COLLEGE - 0100244349,United States,TRIVAD INC. - 0100055279,United States,INGRAM MICRO INC - 0100507643
6484534	,TB_CP_Test,OPEN,14-Aug-2018,$ 1116.90,$ 0.00,,DAVID WOOD,3938-5292,MYJUNIPER,CUNY QUEENSBOROUGH COMMUNITY COLLEGE - 0100034844,United States,VANDIS INC. - 0101004448,United States,INGRAM MICRO INC - 0100507643
6484489	,SRB Created Quote,OPEN,14-Aug-2018,$ 5627.16,$ 0.00,,DAVID WOOD,14548	,MYJUNIPER,INGRAM MICRO INC - 0100505859,United States,INGRAM MICRO INC - 0100505859,United States,INGRAM MICRO INC - 0100505859
6484527	,Itam-chatch-Horizon-SRX,OPEN,14-Aug-2018,$ 3645.93,$ 0.00,,DAVID WOOD,8421-1611,MYJUNIPER,"Horizon Beverage Company, Inc. - 0101388847",United States,"CDW LOGISTICS, INC. - 0100333051",United States,INGRAM MICRO INC - 0100505859
6484523	,SRB Created Quote,OPEN,14-Aug-2018,$ 1841.16,$ 0.00,,DAVID WOOD,8709-1937,MYJUNIPER,BUTTE COLLEGE - 0100244349,United States,TRIVAD INC. - 0100055279,United States,INGRAM MICRO INC - 0100507643
6484555	,SRB Created Quote,APPROVED,15-Aug-2018,$ 1943.28,$ 0.00,,DAVID WOOD,2907-2220,MYJUNIPER,NC INTERACTIVE INC - 0100325449,United States,"COMPUTEX, INC. - 0100170656",United States,INGRAM MICRO INC - 0100505859
6484558	,SS-05690-AI-1D-6441919-test copy,APPROVED,15-Aug-2018,$ 234.55,$ 0.00,,DAVID WOOD,3471-6964,MYJUNIPER,"ZACKS INVESTMENT RESEARCH, INC - 0101205394",United States,"MYRIAD SUPPLY COMPANY, LLC - 0100128563",United States,INGRAM MICRO INC - 0100505859
6484581	,SS-05690-AI-1D-6441919 test copy save,OPEN,15-Aug-2018,$ 234.55,$ 0.00,,DAVID WOOD,3471-6964,MYJUNIPER,"ZACKS INVESTMENT RESEARCH, INC - 0101205394",United States,"MYRIAD SUPPLY COMPANY, LLC - 0100128563",United States,INGRAM MICRO INC - 0100505859
6484544	,SRB Created Quote,APPROVED,15-Aug-2018,$ 1943.28,$ 0.00,,DAVID WOOD,2907-2220,MYJUNIPER,NC INTERACTIVE INC - 0100325449,United States,"COMPUTEX, INC. - 0100170656",United States,INGRAM MICRO INC - 0100505859
6484545	,SS-05690-AI-1D-6441919,OPEN,15-Aug-2018,$ 134.52,$ 0.00,,DAVID WOOD,3471-6964,MYJUNIPER,"ZACKS INVESTMENT RESEARCH, INC - 0101205394",United States,"MYRIAD SUPPLY COMPANY, LLC - 0100128563",United States,INGRAM MICRO INC - 0100505859
6484567	,SRB Created Quote,OPEN,15-Aug-2018,$ 25775.90,$ 0.00,,DAVID WOOD,3678-7354,MYJUNIPER,UNIVERSITY OF ARIZONA - 0100037574,United States,"OPTIV SECURITY, INC - 0101250040",United States,INGRAM MICRO INC - 0100505859
6484579	,SS-05690-AI-1D-6441919,OPEN,15-Aug-2018,$ 188.06,$ 0.00,,DAVID WOOD,3471-6964,MYJUNIPER,"ZACKS INVESTMENT RESEARCH, INC - 0101205394",United States,"MYRIAD SUPPLY COMPANY, LLC - 0100128563",United States,INGRAM MICRO INC - 0100505859
6484566	,Vidhya-FRN Defect 1533 Test,APPROVED,15-Aug-2018,$ 25825.58,$ 0.00,,DAVID WOOD,3678-7354,MYJUNIPER,UNIVERSITY OF ARIZONA - 0100037574,United States,"OPTIV SECURITY, INC - 0101250040",United States,INGRAM MICRO INC - 0100505859
6484580	,SRB Created Quote-Copy for Test CS,APPROVED,15-Aug-2018,$ 1066.63,$ 0.00,,DAVID WOOD,3938-5292,MYJUNIPER,CUNY QUEENSBOROUGH COMMUNITY COLLEGE - 0100034844,United States,VANDIS INC. - 0101004448,United States,INGRAM MICRO INC - 0100507643
6484563	,SS-05690-AI-1D-6441919,OPEN,15-Aug-2018,$ 68.67,$ 0.00,,DAVID WOOD,3471-6964,MYJUNIPER,"ZACKS INVESTMENT RESEARCH, INC - 0101205394",United States,"MYRIAD SUPPLY COMPANY, LLC - 0100128563",United States,INGRAM MICRO INC - 0100505859
6484565	,SS-04455-SD-1D-6441367-test copy CS,APPROVED,15-Aug-2018,$ 717.00,$ 0.00,,DAVID WOOD,8421-1611,MYJUNIPER,STATE OF OHIO - 0101192056,United States,"CDW LOGISTICS, INC. - 0100333051",United States,INGRAM MICRO INC - 0100505859
6484557	,SS-05690-AI-1D-6441919 test copy,APPROVED,15-Aug-2018,$ 234.55,$ 0.00,,DAVID WOOD,3471-6964,MYJUNIPER,"ZACKS INVESTMENT RESEARCH, INC - 0101205394",United States,"MYRIAD SUPPLY COMPANY, LLC - 0100128563",United States,INGRAM MICRO INC - 0100505859
6484595	,SRB Created Quote,OPEN,16-Aug-2018,$ 22951.29,$ 0.00,,DAVID WOOD,3678-7354,MYJUNIPER,UNIVERSITY OF ARIZONA - 0100037574,United States,"OPTIV SECURITY, INC - 0101250040",United States,INGRAM MICRO INC - 0100505859
6484593	,SRB Created Quote,OPEN,16-Aug-2018,$ 24564.48,$ 0.00,,DAVID WOOD,3678-7354,MYJUNIPER,UNIVERSITY OF ARIZONA - 0100037574,United States,"OPTIV SECURITY, INC - 0101250040",United States,INGRAM MICRO INC - 0100505859
6484550	,Itam-chatch-Horizon-SRX,OPEN,16-Aug-2018,$ 3645.93,$ 0.00,,DAVID WOOD,8421-1611,,"Horizon Beverage Company, Inc. - 0101388847",United States,"CDW LOGISTICS, INC. - 0100333051",United States,INGRAM MICRO INC - 0100505859
6484588	,FRN test - SVC Declined multiple,APPROVED,16-Aug-2018,$ 1404.25,$ 0.00,,DAVID WOOD,0015-7905,Q2-2018,PRINCE GEORGES COUNTY - 0100309143,United States,"EPLUS TECHNOLOGY, INC. - 0100135431",United States,INGRAM MICRO INC - 0100507643
6484591	,SRB Created Quote,OPEN,16-Aug-2018,$ 23404.42,$ 0.00,,DAVID WOOD,3678-7354,MYJUNIPER,UNIVERSITY OF ARIZONA - 0100037574,United States,"OPTIV SECURITY, INC - 0101250040",United States,INGRAM MICRO INC - 0100505859
6484589	,Itam-chatch-Horizon-SRX123 (test - Ali),OPEN,16-Aug-2018,$ 3811.65,$ 0.00,,DAVID WOOD,8421-1611,,"Horizon Beverage Company, Inc. - 0101388847",United States,"CDW LOGISTICS, INC. - 0100333051",United States,INGRAM MICRO INC - 0100505859
6484611	,SRB Created Quote,OPEN,16-Aug-2018,$ 24564.48,$ 0.00,,DAVID WOOD,3678-7354,MYJUNIPER,UNIVERSITY OF ARIZONA - 0100037574,United States,"OPTIV SECURITY, INC - 0101250040",United States,INGRAM MICRO INC - 0100505859
6484594	,FRN EOS Back Step Error Test,APPROVED,16-Aug-2018,$ 480.27,$ 0.00,,DAVID WOOD,2300-2672,MYJUNIPER,MITSUI BUSSAN LOGISTICS INC. - 0100054258,United States,"SUMISHO COMPUTER SYSTEMS, USA INC - 0100075950",United States,INGRAM MICRO INC - 0100507643
6484549	,SK- SS-05690-AI-1D-6441919,APPROVED,16-Aug-2018,$ 128.47,$ 0.00,,DAVID WOOD,3471-6964,Q4-2017,"ZACKS INVESTMENT RESEARCH, INC - 0101205394",United States,"MYRIAD SUPPLY COMPANY, LLC - 0100128563",United States,INGRAM MICRO INC - 0100505859
6484568	,SS-05690-AI-1D-6441919-sk,APPROVED,16-Aug-2018,$ 128.47,$ 0.00,,DAVID WOOD,3471-6964,Q4-2017,"ZACKS INVESTMENT RESEARCH, INC - 0101205394",United States,"MYRIAD SUPPLY COMPANY, LLC - 0100128563",United States,INGRAM MICRO INC - 0100505859
6484621	,Partner Self Service Quote,APPROVED,16-Aug-2018,$ 60.50,$ 0.00,,DAVID WOOD,4748-9079,,HERITAGE FELLOWSHIP CHURC - 0101396466,United States,"VIRTUAL GRAFFITI, INC. - 0100135594",United States,INGRAM MICRO INC - 0100505859
6484605	,SRB Created Quote,OPEN,16-Aug-2018,$ 23795.25,$ 0.00,,DAVID WOOD,3678-7354,MYJUNIPER,UNIVERSITY OF ARIZONA - 0100037574,United States,"OPTIV SECURITY, INC - 0101250040",United States,INGRAM MICRO INC - 0100505859
6484604	,SRB Created Quote,APPROVED,16-Aug-2018,$ 4808.39,$ 0.00,,DAVID WOOD,0387-4313,Q2-2018,TRUSTWAVE HOLDINGS - 0101280823,Singapore,TRUSTWAVE HOLDINGS INC - 0100186120,United States,INGRAM MICRO - 0101266223
6484603	,SRB Created Quote,OPEN,16-Aug-2018,$ 24775.87,$ 0.00,,DAVID WOOD,3678-7354,MYJUNIPER,UNIVERSITY OF ARIZONA - 0100037574,United States,"OPTIV SECURITY, INC - 0101250040",United States,INGRAM MICRO INC - 0100505859
6484586	,SS-04455-SD-1D-6441367,APPROVED,16-Aug-2018,$ 867.69,$ 0.00,,DAVID WOOD,8421-1611,Q4-2017,STATE OF OHIO - 0101192056,United States,"CDW LOGISTICS, INC. - 0100333051",United States,INGRAM MICRO INC - 0100505859
6484569	,SK- SS-05690-AI-1D-6441919,APPROVED,16-Aug-2018,$ 212.14,$ 0.00,,DAVID WOOD,3471-6964,Q4-2017,"ZACKS INVESTMENT RESEARCH, INC - 0101205394",United States,"MYRIAD SUPPLY COMPANY, LLC - 0100128563",United States,INGRAM MICRO INC - 0100505859
6484590	,Test yoanna,APPROVED,16-Aug-2018,$ 3717.59,$ 0.00,,DAVID WOOD,0015-7905,Q2-2018,PRINCE GEORGES COUNTY - 0100309143,United States,"EPLUS TECHNOLOGY, INC. - 0100135431",United States,INGRAM MICRO INC - 0100507643
6484592	,hudatesting180518,APPROVED,16-Aug-2018,$ 193.10,$ 0.00,,DAVID WOOD,8921-2098,MYJUNIPER,,,"SYSCOM USA, INC - 0100131379",United States,INGRAM MICRO INC - 0100505859
6484607	,SRB Created Quote,APPROVED,19-Aug-2018,$ 23800.86,$ 0.00,,DAVID WOOD,3678-7354,MYJUNIPER,UNIVERSITY OF ARIZONA - 0100037574,United States,"OPTIV SECURITY, INC - 0101250040",United States,INGRAM MICRO INC - 0100505859
6484613	,SRB Created Quote,APPROVED,19-Aug-2018,$ 23800.86,$ 0.00,,DAVID WOOD,3678-7354,MYJUNIPER,UNIVERSITY OF ARIZONA - 0100037574,United States,"OPTIV SECURITY, INC - 0101250040",United States,INGRAM MICRO INC - 0100505859
6484606	,SRB Created Quote,APPROVED,19-Aug-2018,$ 23800.86,$ 0.00,,DAVID WOOD,3678-7354,MYJUNIPER,UNIVERSITY OF ARIZONA - 0100037574,United States,"OPTIV SECURITY, INC - 0101250040",United States,INGRAM MICRO INC - 0100505859
6484631	,FRN Mirror test,OPEN,19-Aug-2018,$ 3755.52,$ 0.00,,DAVID WOOD,7159-8890,Q2-2018,PETZ ENTERPRISES - 0100002733,United States,INTERVISION SYSTEMS TECH INC - 0101004173,United States,INGRAM MICRO INC - 0100505859
6484600	,SRB Created Quote,OPEN,19-Aug-2018,$ 24564.48,$ 0.00,,DAVID WOOD,3678-7354,MYJUNIPER,UNIVERSITY OF ARIZONA - 0100037574,United States,"OPTIV SECURITY, INC - 0101250040",United States,INGRAM MICRO INC - 0100505859
6486887	,quote created for david user,OPEN,20-Aug-2018,$ 3755.52,$ 0.00,,DAVID WOOD,7159-8890,Q2-2018,PETZ ENTERPRISES - 0100002733,United States,INTERVISION SYSTEMS TECH INC - 0101004173,United States,INGRAM MICRO INC - 0100505859
6484632	,SRB Created Quote,OPEN,20-Aug-2018,$ 23800.86,$ 0.00,,DAVID WOOD,3678-7354,MYJUNIPER,UNIVERSITY OF ARIZONA - 0100037574,United States,"OPTIV SECURITY, INC - 0101250040",United States,INGRAM MICRO INC - 0100505859
6484623	,SRB Created Quote,APPROVED,20-Aug-2018,$ 23698.19,$ 0.00,,DAVID WOOD,3678-7354,MYJUNIPER,UNIVERSITY OF ARIZONA - 0100037574,United States,"OPTIV SECURITY, INC - 0101250040",United States,INGRAM MICRO INC - 0100505859
6486890	,SS-08508a-NZ-1D-6435134-copy test,OPEN,21-Aug-2018,$ 12541.73,$ 0.00,,DAVID WOOD,9525-5735,Q2-2017,TOYOTETSU AMERICA INC - 0100336632,United States,"NEXUM, INC. - 0100130025",United States,INGRAM MICRO INC - 0100505859
6486880	,Quote: R20180525-0052 (53 items),APPROVED,26-Aug-2018,$ 15374.39,$ 0.00,,DAVID WOOD,8371-6492,MYJUNIPER, - 0100764730,United States,"STARNET DATA DESIGN, INC - 0100127303",United States,INGRAM MICRO INC - 0100505859
6486911	,Quote: R20180528-0004 (53 items),APPROVED,26-Aug-2018,$ 15374.39,$ 0.00,,DAVID WOOD,8371-6492,MYJUNIPER, - 0100764730,United States,"STARNET DATA DESIGN, INC - 0100127303",United States,INGRAM MICRO INC - 0100505859
6486921	,Quote: R20180528-0022 (53 items),OPEN,26-Aug-2018,$ 15374.39,$ 0.00,,DAVID WOOD,8371-6492,MYJUNIPER, - 0100764730,United States,"STARNET DATA DESIGN, INC - 0100127303",United States,INGRAM MICRO INC - 0100505859
6486922	,SRB Created Quote,OPEN,27-Aug-2018,$ 3755.52,$ 0.00,,DAVID WOOD,7159-8890,Q2-2018,PETZ ENTERPRISES - 0100002733,United States,INTERVISION SYSTEMS TECH INC - 0101004173,United States,INGRAM MICRO INC - 0100505859
6486896	,Quote: R20180529-0021 (53 items),APPROVED,27-Aug-2018,$ 15374.39,$ 0.00,,DAVID WOOD,8371-6492,MYJUNIPER, - 0100764730,United States,"STARNET DATA DESIGN, INC - 0100127303",United States,INGRAM MICRO INC - 0100505859
6486913	,SRB Created Quote,OPEN,27-Aug-2018,$ 3755.52,$ 0.00,,DAVID WOOD,7159-8890,Q2-2018,PETZ ENTERPRISES - 0100002733,United States,INTERVISION SYSTEMS TECH INC - 0101004173,United States,INGRAM MICRO INC - 0100505859
6486914	,SRB Created Quote,OPEN,27-Aug-2018,$ 3755.52,$ 0.00,,DAVID WOOD,7159-8890,Q2-2018,PETZ ENTERPRISES - 0100002733,United States,INTERVISION SYSTEMS TECH INC - 0101004173,United States,INGRAM MICRO INC - 0100505859
6486903	,SRB Created Quote,OPEN,27-Aug-2018,$ 3755.52,$ 0.00,,DAVID WOOD,7159-8890,Q2-2018,PETZ ENTERPRISES - 0100002733,United States,INTERVISION SYSTEMS TECH INC - 0101004173,United States,INGRAM MICRO INC - 0100505859
6486912	,SRB Created Quote,OPEN,27-Aug-2018,$ 3755.52,$ 0.00,,DAVID WOOD,7159-8890,Q2-2018,PETZ ENTERPRISES - 0100002733,United States,INTERVISION SYSTEMS TECH INC - 0101004173,United States,INGRAM MICRO INC - 0100505859
6486925	,SRB Created Quote,OPEN,28-Aug-2018,$ 3755.52,$ 0.00,,DAVID WOOD,7159-8890,Q2-2018,PETZ ENTERPRISES - 0100002733,United States,INTERVISION SYSTEMS TECH INC - 0101004173,United States,INGRAM MICRO INC - 0100505859
6486898	,MyJnpr IT Test FRN,OPEN,28-Aug-2018,$ 3755.52,$ 0.00,,DAVID WOOD,7159-8890,Q2-2018,PETZ ENTERPRISES - 0100002733,United States,INTERVISION SYSTEMS TECH INC - 0101004173,United States,INGRAM MICRO INC - 0100505859
6486931	,Partner Self Service Quote,APPROVED,28-Aug-2018,$ 1853.45,$ 0.00,,DAVID WOOD,7159-8890,,PETZ ENTERPRISES - 0100002733,United States,INTERVISION SYSTEMS TECH INC - 0101004173,United States,INGRAM MICRO INC - 0100505859
6486924	,SRB Created Quote,OPEN,28-Aug-2018,$ 3755.52,$ 0.00,,DAVID WOOD,7159-8890,Q2-2018,PETZ ENTERPRISES - 0100002733,United States,INTERVISION SYSTEMS TECH INC - 0101004173,United States,INGRAM MICRO INC - 0100505859
6486915	,Quote: R20180530-0022 (53 items),OPEN,28-Aug-2018,$ 15374.39,$ 0.00,,DAVID WOOD,8371-6492,MYJUNIPER, - 0100764730,United States,"STARNET DATA DESIGN, INC - 0100127303",United States,INGRAM MICRO INC - 0100505859
6486899	,Partner Self Service Quote,APPROVED,28-Aug-2018,$ 698.10,$ 0.00,,DAVID WOOD,7159-8890,,PETZ ENTERPRISES - 0100002733,United States,INTERVISION SYSTEMS TECH INC - 0101004173,United States,INGRAM MICRO INC - 0100505859
6486900	,Partner Self Service Quote,APPROVED,28-Aug-2018,$ 1277.52,$ 0.00,,DAVID WOOD,7159-8890,,PETZ ENTERPRISES - 0100002733,United States,INTERVISION SYSTEMS TECH INC - 0101004173,United States,INGRAM MICRO INC - 0100505859
6486923	,SRB Created Quote,OPEN,28-Aug-2018,$ 3755.52,$ 0.00,,DAVID WOOD,7159-8890,Q2-2018,PETZ ENTERPRISES - 0100002733,United States,INTERVISION SYSTEMS TECH INC - 0101004173,United States,INGRAM MICRO INC - 0100505859
6486917	,SRB Created Quote,APPROVED,29-Aug-2018,$ 3467.35,$ 0.00,,DAVID WOOD,3938-5292,Q2-2018,LIFE'S WORC - 0100019403,United States,VANDIS INC. - 0101004448,United States,INGRAM MICRO INC - 0100507643
6486916	,SRB Created Quote,OPEN,29-Aug-2018,$ 3467.35,$ 0.00,,DAVID WOOD,3938-5292,Q2-2018,LIFE'S WORC - 0100019403,United States,VANDIS INC. - 0101004448,United States,INGRAM MICRO INC - 0100507643
6486944	,Quote: R20180601-0038 (53 items),APPROVED,30-Aug-2018,$ 15374.39,$ 0.00,,DAVID WOOD,8371-6492,MYJUNIPER, - 0100764730,United States,"STARNET DATA DESIGN, INC - 0100127303",United States,INGRAM MICRO INC - 0100505859
6493708	,SS-05690-AI-1D-6441919-copy co-term,APPROVED,03-Sep-2018,$ 166.46,$ 0.00,,DAVID WOOD,3471-6964,Q4-2017,"ZACKS INVESTMENT RESEARCH, INC - 0101205394",United States,"MYRIAD SUPPLY COMPANY, LLC - 0100128563",United States,INGRAM MICRO INC - 0100505859
6493737	,Quote: R20180605-0018 (53 items),APPROVED,03-Sep-2018,$ 15374.39,$ 0.00,,DAVID WOOD,8371-6492,MYJUNIPER, - 0100764730,United States,"STARNET DATA DESIGN, INC - 0100127303",United States,INGRAM MICRO INC - 0100505859
6493738	,SS-05690-AI-1D-6441919,APPROVED,04-Sep-2018,$ 232.85,$ 0.00,,DAVID WOOD,3471-6964,Q4-2017,"ZACKS INVESTMENT RESEARCH, INC - 0101205394",United States,"MYRIAD SUPPLY COMPANY, LLC - 0100128563",United States,INGRAM MICRO INC - 0100505859
6493739	,SRB Created Quote,OPEN,04-Sep-2018,$ 181.45,$ 0.00,,DAVID WOOD,9611-6298,Q2-2018, - 0100408381,United States,"TRANSCENDENT, LLC - 0100135147",United States,INGRAM MICRO INC - 0100507643
6493755	,SS-05690-AI-1D-6441919,APPROVED,04-Sep-2018,$ 234.55,$ 0.00,,DAVID WOOD,3471-6964,Q4-2017,"ZACKS INVESTMENT RESEARCH, INC - 0101205394",United States,"MYRIAD SUPPLY COMPANY, LLC - 0100128563",United States,INGRAM MICRO INC - 0100505859
6493753	,Quote: R20180606-0019 (53 items),APPROVED,04-Sep-2018,$ 15374.39,$ 0.00,,DAVID WOOD,8371-6492,MYJUNIPER, - 0100764730,United States,"STARNET DATA DESIGN, INC - 0100127303",United States,INGRAM MICRO INC - 0100505859
6493730	,Quote: R20180607-0033 (53 items),APPROVED,05-Sep-2018,$ 15374.39,$ 0.00,,DAVID WOOD,8371-6492,MYJUNIPER, - 0100764730,United States,"STARNET DATA DESIGN, INC - 0100127303",United States,INGRAM MICRO INC - 0100505859
6493777	,Quote: R20180608-0028 (53 items),APPROVED,06-Sep-2018,$ 15374.39,$ 0.00,,DAVID WOOD,8371-6492,MYJUNIPER, - 0100764730,United States,"STARNET DATA DESIGN, INC - 0100127303",United States,INGRAM MICRO INC - 0100505859
6493782	,Quote: R20180611-0032 (53 items),APPROVED,09-Sep-2018,$ 15374.39,$ 0.00,,DAVID WOOD,8371-6492,MYJUNIPER, - 0100764730,United States,"STARNET DATA DESIGN, INC - 0100127303",United States,INGRAM MICRO INC - 0100505859
6493786	,Quote: R20180612-0042 (53 items),APPROVED,10-Sep-2018,$ 15374.39,$ 0.00,,DAVID WOOD,8371-6492,MYJUNIPER, - 0100764730,United States,"STARNET DATA DESIGN, INC - 0100127303",United States,INGRAM MICRO INC - 0100505859
6493802	,Quote: R20180614-0034 (53 items),APPROVED,12-Sep-2018,$ 15374.39,$ 0.00,,DAVID WOOD,8371-6492,MYJUNIPER, - 0100764730,United States,"STARNET DATA DESIGN, INC - 0100127303",United States,INGRAM MICRO INC - 0100505859
6493813	,SRB Created Quote,OPEN,12-Sep-2018,$ 1333.08,$ 0.00,,DAVID WOOD,0213-9577,Q2-2018,THE UNIVERSAL DIRECTORY OF TOHRA INSTITUTAION - 0100021639,Israel,"DATA PROCESSING SOLUTIONS, INC - 0100996081",United States,INGRAM MICRO INC - 0100507643
6493790	,3yr License Test,OPEN,12-Sep-2018,$ 1333.08,$ 0.00,,DAVID WOOD,0213-9577,Q2-2018,THE UNIVERSAL DIRECTORY OF TOHRA INSTITUTAION - 0100021639,Israel,"DATA PROCESSING SOLUTIONS, INC - 0100996081",United States,INGRAM MICRO INC - 0100507643
6493821	,SRB Created Quote,OPEN,12-Sep-2018,$ 1333.08,$ 0.00,,DAVID WOOD,0213-9577,Q2-2018,THE UNIVERSAL DIRECTORY OF TOHRA INSTITUTAION - 0100021639,Israel,"DATA PROCESSING SOLUTIONS, INC - 0100996081",United States,INGRAM MICRO INC - 0100507643
6493803	,SS-04729-MS-PUG-1D-6365892,OPEN,12-Sep-2018,$ 4102.80,$ 0.00,,DAVID WOOD,4093-4440,, - 0100670482,,THE PRESIDIO CORP - 0100532801,United States,INGRAM MICRO INC - 0100505859
6493817	,Quote: R20180618-0084 (53 items),APPROVED,16-Sep-2018,$ 15374.39,$ 0.00,,DAVID WOOD,8371-6492,MYJUNIPER, - 0100764730,United States,"STARNET DATA DESIGN, INC - 0100127303",United States,INGRAM MICRO INC - 0100505859
6493840	,3yr License Test,OPEN,16-Sep-2018,$ 649.47,$ 0.00,,DAVID WOOD,0213-9577,Q2-2018,THE UNIVERSAL DIRECTORY OF TOHRA INSTITUTAION - 0100021639,Israel,"DATA PROCESSING SOLUTIONS, INC - 0100996081",United States,INGRAM MICRO INC - 0100507643
6493843	,Quote: R20180619-0054 (53 items),APPROVED,17-Sep-2018,$ 15374.39,$ 0.00,,DAVID WOOD,8371-6492,MYJUNIPER, - 0100764730,United States,"STARNET DATA DESIGN, INC - 0100127303",United States,INGRAM MICRO INC - 0100505859
6494761	,Quote: R20180620-0054 (53 items),APPROVED,18-Sep-2018,$ 15374.39,$ 0.00,,DAVID WOOD,8371-6492,MYJUNIPER, - 0100764730,United States,"STARNET DATA DESIGN, INC - 0100127303",United States,INGRAM MICRO INC - 0100505859
6494757	,Quote: R20180621-0009 (53 items),OPEN,19-Sep-2018,$ 15374.39,$ 0.00,,DAVID WOOD,8371-6492,MYJUNIPER, - 0100764730,United States,"STARNET DATA DESIGN, INC - 0100127303",United States,INGRAM MICRO INC - 0100505859
6494755	,Partner Self Service Quote,APPROVED,19-Sep-2018,$ 345791.99,$ 0.00,,DAVID WOOD,6888-9627,,FEDERAL RESERVE BANK OF BOSTON - 0101306932,United States,"CORPORATE TECHNOLOGIES, INC - 0100487626",United States,INGRAM MICRO INC - 0100505859
6494754	,Partner Self Service Quote,APPROVED,19-Sep-2018,$ 223409.90,$ 0.00,,DAVID WOOD,6888-9627,,FEDERAL RESERVE BANK OF BOSTON - 0101306932,United States,"CORPORATE TECHNOLOGIES, INC - 0100487626",United States,INGRAM MICRO INC - 0100505859
6494756	,Partner Self Service Quote,APPROVED,19-Sep-2018,$ 388612.94,$ 0.00,,DAVID WOOD,6888-9627,,FEDERAL RESERVE BANK OF BOSTON - 0101306932,United States,"CORPORATE TECHNOLOGIES, INC - 0100487626",United States,INGRAM MICRO INC - 0100505859
6494997	,SRB Created Quote,OPEN,20-Sep-2018,$ 22428.11,$ 0.00,,DAVID WOOD,6072-7041,Q2-2018,COMMONWEALTH CENTER FOR ADVANCED MF - 0100254847,United States,"SLAIT CONSULTING , LLC - 0100129408",United States,INGRAM MICRO INC - 0100507643
6495226	,Partner Self Service Quote,APPROVED,24-Sep-2018,$ 345791.99,$ 0.00,,DAVID WOOD,6888-9627,,FEDERAL RESERVE BANK OF BOSTON - 0101306932,United States,"CORPORATE TECHNOLOGIES, INC - 0100487626",United States,INGRAM MICRO INC - 0100505859
6495227	,Partner Self Service Quote,APPROVED,24-Sep-2018,$ 388612.94,$ 0.00,,DAVID WOOD,6888-9627,,FEDERAL RESERVE BANK OF BOSTON - 0101306932,United States,"CORPORATE TECHNOLOGIES, INC - 0100487626",United States,INGRAM MICRO INC - 0100505859
6495225	,Partner Self Service Quote,APPROVED,24-Sep-2018,$ 223409.90,$ 0.00,,DAVID WOOD,6888-9627,,FEDERAL RESERVE BANK OF BOSTON - 0101306932,United States,"CORPORATE TECHNOLOGIES, INC - 0100487626",United States,INGRAM MICRO INC - 0100505859
6495234	,Quote: R20180627-0075 (53 items),APPROVED,25-Sep-2018,$ 15374.39,$ 0.00,,DAVID WOOD,8371-6492,MYJUNIPER,,,"STARNET DATA DESIGN, INC - 0100127303",United States,INGRAM MICRO INC - 0100505859
6495235	,Quote: R20180628-0027 (53 items),APPROVED,26-Sep-2018,$ 15374.39,$ 0.00,,DAVID WOOD,8371-6492,MYJUNIPER,,,"STARNET DATA DESIGN, INC - 0100127303",United States,INGRAM MICRO INC - 0100505859
6495219	,Quote: R20180628-0045 (53 items),APPROVED,26-Sep-2018,$ 15374.39,$ 0.00,,DAVID WOOD,8371-6492,MYJUNIPER,,,"STARNET DATA DESIGN, INC - 0100127303",United States,INGRAM MICRO INC - 0100505859
6495271	,Quote: R20180703-0025 (53 items),APPROVED,01-Oct-2018,$ 15374.39,$ 0.00,,DAVID WOOD,8371-6492,MYJUNIPER, - 0100764730,United States,"STARNET DATA DESIGN, INC - 0100127303",United States,INGRAM MICRO INC - 0100505859
6495255	,Quote: R20180703-0007 (53 items),APPROVED,01-Oct-2018,$ 15374.39,$ 0.00,,DAVID WOOD,8371-6492,MYJUNIPER,,,"STARNET DATA DESIGN, INC - 0100127303",United States,INGRAM MICRO INC - 0100505859
6495290	,Quote: R20180704-0048 (53 items),APPROVED,02-Oct-2018,$ 15374.39,$ 0.00,,DAVID WOOD,8371-6492,MYJUNIPER,,,"STARNET DATA DESIGN, INC - 0100127303",United States,INGRAM MICRO INC - 0100505859
6495260	,Quote: R20180704-0001 (53 items),APPROVED,02-Oct-2018,$ 15374.39,$ 0.00,,DAVID WOOD,8371-6492,MYJUNIPER,,,"STARNET DATA DESIGN, INC - 0100127303",United States,INGRAM MICRO INC - 0100505859
6496118	,Quote: R20180705-0057 (53 items),OPEN,03-Oct-2018,$ 15374.39,$ 0.00,,DAVID WOOD,8371-6492,MYJUNIPER, - 0100764730,United States,"STARNET DATA DESIGN, INC - 0100127303",United States,INGRAM MICRO INC - 0100505859
6496117	,Partner Self Service Quote,APPROVED,03-Oct-2018,$ 259599.44,$ 0.00,,DAVID WOOD,6888-9627,,FEDERAL RESERVE BANK OF BOSTON - 0101306932,United States,"CORPORATE TECHNOLOGIES, INC - 0100487626",United States,INGRAM MICRO INC - 0100505859
6496116	,Partner Self Service Quote,APPROVED,03-Oct-2018,$ 216778.49,$ 0.00,,DAVID WOOD,6888-9627,,FEDERAL RESERVE BANK OF BOSTON - 0101306932,United States,"CORPORATE TECHNOLOGIES, INC - 0100487626",United States,INGRAM MICRO INC - 0100505859
6496119	,Quote: R20180705-0062 (53 items),APPROVED,03-Oct-2018,$ 15374.39,$ 0.00,,DAVID WOOD,8371-6492,MYJUNIPER, - 0100764730,United States,"STARNET DATA DESIGN, INC - 0100127303",United States,INGRAM MICRO INC - 0100505859
6496115	,Partner Self Service Quote,APPROVED,03-Oct-2018,$ 121951.40,$ 0.00,,DAVID WOOD,6888-9627,,FEDERAL RESERVE BANK OF BOSTON - 0101306932,United States,"CORPORATE TECHNOLOGIES, INC - 0100487626",United States,INGRAM MICRO INC - 0100505859
6495697	,Quote: R20180706-0005 (53 items),APPROVED,04-Oct-2018,$ 15374.39,$ 0.00,,DAVID WOOD,8371-6492,MYJUNIPER, - 0100764730,United States,"STARNET DATA DESIGN, INC - 0100127303",United States,INGRAM MICRO INC - 0100505859
6496191	,Quote: R20180709-0005 (53 items),APPROVED,07-Oct-2018,$ 15374.39,$ 0.00,,DAVID WOOD,8371-6492,MYJUNIPER, - 0100764730,United States,"STARNET DATA DESIGN, INC - 0100127303",United States,INGRAM MICRO INC - 0100505859
6496170	,Quote: R20180709-0028 (53 items),APPROVED,07-Oct-2018,$ 15374.39,$ 0.00,,DAVID WOOD,8371-6492,MYJUNIPER, - 0100764730,United States,"STARNET DATA DESIGN, INC - 0100127303",United States,INGRAM MICRO INC - 0100505859
6495700	,Quote: R20180710-0037 (53 items),APPROVED,08-Oct-2018,$ 15374.39,$ 0.00,,DAVID WOOD,8371-6492,MYJUNIPER, - 0100764730,United States,"STARNET DATA DESIGN, INC - 0100127303",United States,INGRAM MICRO INC - 0100505859
6496194	,SS-05690-AI-1D-6441919,OPEN,09-Oct-2018,$ 241.52,$ 0.00,,DAVID WOOD,3471-6964,,"ZACKS INVESTMENT RESEARCH, INC - 0101205394",United States,"MYRIAD SUPPLY COMPANY, LLC - 0100128563",United States,INGRAM MICRO INC - 0100505859
6496195	,Quote: R20180711-0044 (53 items),APPROVED,09-Oct-2018,$ 15374.39,$ 0.00,,DAVID WOOD,8371-6492,MYJUNIPER, - 0100764730,United States,"STARNET DATA DESIGN, INC - 0100127303",United States,INGRAM MICRO INC - 0100505859
6496202	,Quote: R20180711-0067 (53 items),APPROVED,09-Oct-2018,$ 15374.39,$ 0.00,,DAVID WOOD,8371-6492,MYJUNIPER, - 0100764730,United States,"STARNET DATA DESIGN, INC - 0100127303",United States,INGRAM MICRO INC - 0100505859
6496212	,FRN Test - EOL/EOS..,OPEN,14-Oct-2018,$ 6840.21,$ 0.00,,DAVID WOOD,3678-7354,MYJUNIPER,UNIVERSITY OF ARIZONA - 0100037574,United States,"OPTIV SECURITY, INC - 0101250040",United States,INGRAM MICRO INC - 0100505859
6496213	,Quote: R20180717-0032 (53 items),OPEN,15-Oct-2018,$ 15374.39,$ 0.00,,DAVID WOOD,8371-6492,MYJUNIPER, - 0100764730,United States,"STARNET DATA DESIGN, INC - 0100127303",United States,INGRAM MICRO INC - 0100505859
6496238	,Quote: R20180718-0137 (53 items),OPEN,16-Oct-2018,$ 15374.39,$ 0.00,,DAVID WOOD,8371-6492,MYJUNIPER, - 0100764730,United States,"STARNET DATA DESIGN, INC - 0100127303",United States,INGRAM MICRO INC - 0100505859
6496227	,Quote: R20180718-0157 (53 items),OPEN,16-Oct-2018,$ 15374.39,$ 0.00,,DAVID WOOD,8371-6492,MYJUNIPER, - 0100764730,United States,"STARNET DATA DESIGN, INC - 0100127303",United States,INGRAM MICRO INC - 0100505859
6496229	,TB_Test,OPEN,21-Oct-2018,$ 90.38,$ 0.00,,DAVID WOOD,,MYJUNIPER,,,,,INGRAM MICRO INC - 0100507643
6496230	,SRB Created Quote,APPROVED,21-Oct-2018,$ 8102.53,$ 0.00,,DAVID WOOD,14548	,MYJUNIPER,INGRAM MICRO INC - 0100505859,United States,INGRAM MICRO INC - 0100505859,United States,INGRAM MICRO INC - 0100505859
6496240	,Quote: R20180725-0029 (53 items),OPEN,23-Oct-2018,$ 15374.39,$ 0.00,,DAVID WOOD,8371-6492,MYJUNIPER, - 0100764730,United States,"STARNET DATA DESIGN, INC - 0100127303",United States,INGRAM MICRO INC - 0100505859
84548989955	,Testing,APPROVED,23-May-2019,INR 127000.00,INR 0.00,,DAVID WOOD,5532-2806,,INGRAM MICRO INC - 0100505859,United States,INGRAM MICRO INC - 0100505859,United States,INGRAM MICRO INC - 0100505859
84548989959	,Testing,APPROVED,23-May-2019,INR 127000.00,INR 10000.00,,DAVID WOOD,5532-2806,,INGRAM MICRO INC - 0100505859,United States,INGRAM MICRO INC - 0100505859,United States,INGRAM MICRO INC - 0100505859
84548989957	,Testing,APPROVED,23-May-2019,INR 127000.00,INR 0.00,,DAVID WOOD,5532-2806,,INGRAM MICRO INC - 0100505859,United States,INGRAM MICRO INC - 0100505859,United States,INGRAM MICRO INC - 0100505859
84548989965	,Testing,OPEN,23-Sep-2019,INR 127000.00,INR 100.00,,DAVID WOOD,5532-2806,,INGRAM MICRO INC - 0100505859,United States,INGRAM MICRO INC - 0100505859,United States,INGRAM MICRO INC - 0100505859
